{
  "Ansi 5 Color" : {
    "Red Component" : 0.61631828546524048,
    "Color Space" : "Calibrated",
    "Blue Component" : 0.69117462635040283,
    "Alpha Component" : 1,
    "Green Component" : 0.45447173714637756
  },
  "Tags" : [

  ],
  "Ansi 12 Color" : {
    "Red Component" : 0.42358601093292236,
    "Color Space" : "Calibrated",
    "Blue Component" : 0.93013131618499756,
    "Alpha Component" : 1,
    "Green Component" : 0.61095678806304932
  },
  "Right Option Key Sends" : 0,
  "Draw Powerline Glyphs" : true,
  "Bold Color" : {
    "Red Component" : 0.90237069129943848,
    "Color Space" : "Calibrated",
    "Blue Component" : 0.90237069129943848,
    "Alpha Component" : 1,
    "Green Component" : 0.90237069129943848
  },
  "Ansi 7 Color" : {
    "Red Component" : 0.09223233163356781,
    "Color Space" : "Calibrated",
    "Blue Component" : 0.092231146991252899,
    "Alpha Component" : 1,
    "Green Component" : 0.092229574918746948
  },
  "Ansi 8 Color" : {
    "Red Component" : 1,
    "Color Space" : "Calibrated",
    "Blue Component" : 0.99999129772186279,
    "Alpha Component" : 1,
    "Green Component" : 0.99997437000274658
  },
  "Ansi 9 Color" : {
    "Red Component" : 0.98937773704528809,
    "Color Space" : "Calibrated",
    "Blue Component" : 0.44819045066833496,
    "Alpha Component" : 1,
    "Green Component" : 0.43916589021682739
  },
  "Rows" : 25,
  "Default Bookmark" : "No",
  "Ansi 6 Color" : {
    "Red Component" : 0.14156793057918549,
    "Color Space" : "Calibrated",
    "Blue Component" : 0.52917945384979248,
    "Alpha Component" : 1,
    "Green Component" : 0.53508865833282471
  },
  "Blend" : 0.5,
  "Custom Directory" : "No",
  "Cursor Guide Color" : {
    "Red Component" : 0.64999997615814209,
    "Color Space" : "Calibrated",
    "Blue Component" : 1,
    "Alpha Component" : 0.25,
    "Green Component" : 0.9100000262260437
  },
  "Non-ASCII Anti Aliased" : true,
  "Use Bright Bold" : true,
  "Ansi 10 Color" : {
    "Red Component" : 0.59778916835784912,
    "Color Space" : "Calibrated",
    "Blue Component" : 0.10809653252363205,
    "Alpha Component" : 1,
    "Green Component" : 0.71541106700897217
  },
  "Ambiguous Double Width" : false,
  "Jobs to Ignore" : [
    "rlogin",
    "ssh",
    "slogin",
    "telnet"
  ],
  "Show Status Bar" : false,
  "Ansi 15 Color" : {
    "Red Component" : 0.09223233163356781,
    "Color Space" : "Calibrated",
    "Blue Component" : 0.092231146991252899,
    "Alpha Component" : 1,
    "Green Component" : 0.092229574918746948
  },
  "Foreground Color" : {
    "Red Component" : 0.67807614803314209,
    "Color Space" : "Calibrated",
    "Blue Component" : 0.67806732654571533,
    "Alpha Component" : 1,
    "Green Component" : 0.67805588245391846
  },
  "Working Directory" : "\/Users\/fnaliu",
  "Blinking Cursor" : false,
  "Disable Window Resizing" : true,
  "Sync Title" : false,
  "Prompt Before Closing 2" : false,
  "BM Growl" : true,
  "Command" : "",
  "Description" : "Default",
  "Mouse Reporting" : true,
  "Screen" : -2,
  "Selection Color" : {
    "Red Component" : 0.26666668057441711,
    "Color Space" : "Calibrated",
    "Blue Component" : 0.35294118523597717,
    "Alpha Component" : 1,
    "Green Component" : 0.27843138575553894
  },
  "Initial Use Transparency" : true,
  "Only The Default BG Color Uses Transparency" : false,
  "Columns" : 80,
  "Idle Code" : 0,
  "Background Image Mode" : 0,
  "Ansi 13 Color" : {
    "Red Component" : 0.98962217569351196,
    "Color Space" : "Calibrated",
    "Blue Component" : 0.99940156936645508,
    "Alpha Component" : 1,
    "Green Component" : 0.49455642700195312
  },
  "Custom Command" : "No",
  "ASCII Anti Aliased" : true,
  "Non Ascii Font" : "MesloLGMDZForPowerline-Regular 14",
  "Vertical Spacing" : 1,
  "Use Bold Font" : true,
  "Option Key Sends" : 0,
  "Selected Text Color" : {
    "Red Component" : 1,
    "Color Space" : "Calibrated",
    "Blue Component" : 1,
    "Alpha Component" : 1,
    "Green Component" : 1
  },
  "Background Color" : {
    "Red Component" : 0.1263858824968338,
    "Color Space" : "Calibrated",
    "Blue Component" : 0.12638427317142487,
    "Alpha Component" : 1,
    "Green Component" : 0.12638211250305176
  },
  "Character Encoding" : 4,
  "Ansi 11 Color" : {
    "Red Component" : 1,
    "Color Space" : "Calibrated",
    "Blue Component" : 0.041410073637962341,
    "Alpha Component" : 1,
    "Green Component" : 1
  },
  "Use Italic Font" : true,
  "Unlimited Scrollback" : false,
  "Keyboard Map" : {
    "0xf700-0x260000" : {
      "Text" : "[1;6A",
      "Action" : 10
    },
    "0x37-0x40000" : {
      "Text" : "0x1f",
      "Action" : 11
    },
    "0x32-0x40000" : {
      "Text" : "0x00",
      "Action" : 11
    },
    "0xf709-0x20000" : {
      "Text" : "[17;2~",
      "Action" : 10
    },
    "0xf70c-0x20000" : {
      "Text" : "[20;2~",
      "Action" : 10
    },
    "0xf729-0x20000" : {
      "Text" : "[1;2H",
      "Action" : 10
    },
    "0xf72b-0x40000" : {
      "Text" : "[1;5F",
      "Action" : 10
    },
    "0xf705-0x20000" : {
      "Text" : "[1;2Q",
      "Action" : 10
    },
    "0xf703-0x260000" : {
      "Text" : "[1;6C",
      "Action" : 10
    },
    "0xf700-0x220000" : {
      "Text" : "[1;2A",
      "Action" : 10
    },
    "0xf701-0x280000" : {
      "Text" : "0x1b 0x1b 0x5b 0x42",
      "Action" : 11
    },
    "0x38-0x40000" : {
      "Text" : "0x7f",
      "Action" : 11
    },
    "0x33-0x40000" : {
      "Text" : "0x1b",
      "Action" : 11
    },
    "0xf703-0x220000" : {
      "Text" : "[1;2C",
      "Action" : 10
    },
    "0xf701-0x240000" : {
      "Text" : "[1;5B",
      "Action" : 10
    },
    "0xf70d-0x20000" : {
      "Text" : "[21;2~",
      "Action" : 10
    },
    "0xf702-0x260000" : {
      "Text" : "[1;6D",
      "Action" : 10
    },
    "0xf729-0x40000" : {
      "Text" : "[1;5H",
      "Action" : 10
    },
    "0xf706-0x20000" : {
      "Text" : "[1;2R",
      "Action" : 10
    },
    "0x34-0x40000" : {
      "Text" : "0x1c",
      "Action" : 11
    },
    "0xf700-0x280000" : {
      "Text" : "0x1b 0x1b 0x5b 0x41",
      "Action" : 11
    },
    "0x2d-0x40000" : {
      "Text" : "0x1f",
      "Action" : 11
    },
    "0xf70e-0x20000" : {
      "Text" : "[23;2~",
      "Action" : 10
    },
    "0xf702-0x220000" : {
      "Text" : "[1;2D",
      "Action" : 10
    },
    "0xf703-0x280000" : {
      "Text" : "0x1b 0x1b 0x5b 0x43",
      "Action" : 11
    },
    "0xf700-0x240000" : {
      "Text" : "[1;5A",
      "Action" : 10
    },
    "0xf707-0x20000" : {
      "Text" : "[1;2S",
      "Action" : 10
    },
    "0xf70a-0x20000" : {
      "Text" : "[18;2~",
      "Action" : 10
    },
    "0x35-0x40000" : {
      "Text" : "0x1d",
      "Action" : 11
    },
    "0xf70f-0x20000" : {
      "Text" : "[24;2~",
      "Action" : 10
    },
    "0xf703-0x240000" : {
      "Text" : "[1;5C",
      "Action" : 10
    },
    "0xf701-0x260000" : {
      "Text" : "[1;6B",
      "Action" : 10
    },
    "0xf702-0x280000" : {
      "Text" : "0x1b 0x1b 0x5b 0x44",
      "Action" : 11
    },
    "0xf72b-0x20000" : {
      "Text" : "[1;2F",
      "Action" : 10
    },
    "0x36-0x40000" : {
      "Text" : "0x1e",
      "Action" : 11
    },
    "0xf708-0x20000" : {
      "Text" : "[15;2~",
      "Action" : 10
    },
    "0xf701-0x220000" : {
      "Text" : "[1;2B",
      "Action" : 10
    },
    "0xf70b-0x20000" : {
      "Text" : "[19;2~",
      "Action" : 10
    },
    "0xf702-0x240000" : {
      "Text" : "[1;5D",
      "Action" : 10
    },
    "0xf704-0x20000" : {
      "Text" : "[1;2P",
      "Action" : 10
    }
  },
  "Window Type" : 0,
  "Blur Radius" : 0.10000000000000001,
  "Background Image Location" : "",
  "Blur" : false,
  "Badge Color" : {
    "Red Component" : 1,
    "Color Space" : "Calibrated",
    "Blue Component" : 0,
    "Alpha Component" : 0.5,
    "Green Component" : 0
  },
  "Scrollback Lines" : 1000,
  "Send Code When Idle" : false,
  "Close Sessions On End" : 1,